{
  "model_name": "cnn_small",
  "train_mode": "scratch",
  "best_val_loss": 0.12819025549623703,
  "best_val_acc": 0.9444444444444444,
  "test_loss": 0.1479831706594538,
  "test_acc": 0.9407407407407408,
  "avg_epoch_time_sec": 4.24672,
  "total_params": 32614,
  "trainable_params": 32614,
  "class_names": [
    "Crazing",
    "Inclusion",
    "Patches",
    "Pitted_Surface",
    "Rolled-in_Scale",
    "Scratches"
  ],
  "classification_report": {
    "Crazing": {
      "precision": 1.0,
      "recall": 0.9777777777777777,
      "f1-score": 0.9887640449438202,
      "support": 45.0
    },
    "Inclusion": {
      "precision": 0.803921568627451,
      "recall": 0.9111111111111111,
      "f1-score": 0.8541666666666666,
      "support": 45.0
    },
    "Patches": {
      "precision": 0.9777777777777777,
      "recall": 0.9777777777777777,
      "f1-score": 0.9777777777777777,
      "support": 45.0
    },
    "Pitted_Surface": {
      "precision": 0.8913043478260869,
      "recall": 0.9111111111111111,
      "f1-score": 0.9010989010989011,
      "support": 45.0
    },
    "Rolled-in_Scale": {
      "precision": 1.0,
      "recall": 1.0,
      "f1-score": 1.0,
      "support": 45.0
    },
    "Scratches": {
      "precision": 1.0,
      "recall": 0.8666666666666667,
      "f1-score": 0.9285714285714286,
      "support": 45.0
    },
    "accuracy": 0.9407407407407408,
    "macro avg": {
      "precision": 0.9455006157052193,
      "recall": 0.9407407407407407,
      "f1-score": 0.9417298031764325,
      "support": 270.0
    },
    "weighted avg": {
      "precision": 0.9455006157052193,
      "recall": 0.9407407407407408,
      "f1-score": 0.9417298031764323,
      "support": 270.0
    }
  },
  "confusion_matrix": [
    [
      44,
      0,
      1,
      0,
      0,
      0
    ],
    [
      0,
      41,
      0,
      4,
      0,
      0
    ],
    [
      0,
      0,
      44,
      1,
      0,
      0
    ],
    [
      0,
      4,
      0,
      41,
      0,
      0
    ],
    [
      0,
      0,
      0,
      0,
      45,
      0
    ],
    [
      0,
      6,
      0,
      0,
      0,
      39
    ]
  ],
  "resolved_data_dir": "classification_dataset",
  "normalization": "none",
  "num_channels": 1
}